               epoch,      train/box_loss,      train/obj_loss,      train/cls_loss,   metrics/precision,      metrics/recall,     metrics/mAP_0.5,metrics/mAP_0.5:0.95,        val/box_loss,        val/obj_loss,        val/cls_loss,               x/lr0,               x/lr1,               x/lr2
                   0,             0.09253,             0.11764,            0.036537,             0.17616,             0.45195,             0.21183,            0.082513,            0.063023,            0.060928,            0.033449,            0.070682,           0.0032576,           0.0032576
                   1,            0.067711,            0.092467,            0.029406,              0.4858,             0.73547,             0.55048,             0.25081,            0.052777,            0.057178,            0.023076,            0.040666,           0.0065746,           0.0065746
                   2,            0.064821,            0.090555,            0.022759,             0.45155,             0.73789,             0.53373,             0.20979,            0.062445,            0.049667,            0.017979,            0.010633,           0.0098751,           0.0098751
                   3,            0.060336,            0.088378,             0.01876,             0.58379,             0.70252,             0.68386,              0.3202,            0.050395,            0.049976,            0.011227,           0.0099258,           0.0099258,           0.0099258
                   4,             0.05391,            0.082492,            0.012516,             0.65844,             0.82973,             0.83373,             0.50117,            0.042162,            0.047588,           0.0094872,           0.0099258,           0.0099258,           0.0099258
                   5,            0.050281,             0.07947,           0.0095202,              0.6053,             0.91658,             0.83164,             0.46498,             0.04494,            0.047546,           0.0062851,            0.009901,            0.009901,            0.009901
                   6,            0.047579,            0.079262,           0.0077691,             0.84601,             0.91676,              0.9284,             0.55948,            0.036833,            0.044357,           0.0049275,           0.0098763,           0.0098763,           0.0098763
                   7,            0.045333,            0.073611,            0.007179,             0.92706,              0.9409,             0.96326,             0.60864,            0.033325,            0.043983,           0.0050071,           0.0098515,           0.0098515,           0.0098515
                   8,            0.044153,            0.075868,            0.006559,             0.86159,              0.9173,             0.93298,             0.46065,            0.043093,            0.044945,           0.0040601,           0.0098268,           0.0098268,           0.0098268
                   9,             0.04243,            0.077489,           0.0062678,             0.91094,             0.93895,             0.94509,             0.57855,            0.036559,            0.043396,            0.003867,            0.009802,            0.009802,            0.009802
                  10,            0.041521,            0.077454,           0.0056922,             0.86871,             0.92691,             0.92659,              0.5009,            0.039891,            0.044243,           0.0037374,           0.0097773,           0.0097773,           0.0097773
                  11,            0.041545,            0.073685,           0.0055752,              0.9464,              0.9576,             0.95769,             0.56044,            0.037246,            0.043438,           0.0037539,           0.0097525,           0.0097525,           0.0097525
                  12,            0.040225,            0.074777,           0.0053172,             0.92292,             0.95574,             0.96302,             0.55497,            0.034556,            0.043221,           0.0030028,           0.0097278,           0.0097278,           0.0097278
                  13,            0.039586,             0.07496,           0.0052061,             0.95605,             0.94488,             0.96355,             0.50969,            0.037273,            0.043919,           0.0031912,            0.009703,            0.009703,            0.009703
                  14,            0.039456,             0.07542,           0.0049678,             0.94836,             0.95802,             0.96044,             0.60175,            0.030225,            0.042168,           0.0039771,           0.0096783,           0.0096783,           0.0096783
                  15,            0.038457,            0.075919,           0.0048376,             0.93236,             0.94363,             0.96383,             0.54615,              0.0352,            0.044033,           0.0030561,           0.0096535,           0.0096535,           0.0096535
                  16,            0.037092,            0.072901,           0.0047544,             0.94895,             0.92694,             0.96963,             0.65147,            0.029067,            0.041599,           0.0036485,           0.0096288,           0.0096288,           0.0096288
                  17,            0.036584,            0.071113,           0.0045707,             0.95118,             0.96095,             0.96886,             0.64815,            0.028794,            0.041218,           0.0030712,            0.009604,            0.009604,            0.009604
                  18,            0.037289,            0.071731,           0.0042087,             0.94727,             0.94953,             0.96653,             0.57759,            0.031847,            0.042629,           0.0028088,           0.0095793,           0.0095793,           0.0095793
                  19,            0.036061,            0.071204,           0.0044287,             0.95942,             0.93852,             0.96548,             0.56554,             0.03156,            0.042629,           0.0025602,           0.0095545,           0.0095545,           0.0095545
                  20,            0.037172,            0.074019,           0.0045007,              0.9548,             0.94123,             0.96423,             0.64496,            0.028113,            0.041264,           0.0032746,           0.0095298,           0.0095298,           0.0095298
                  21,            0.035286,            0.070277,           0.0038395,             0.92173,             0.95199,             0.95243,             0.62985,            0.029589,            0.041733,           0.0030818,            0.009505,            0.009505,            0.009505
                  22,             0.03547,            0.072626,           0.0043414,             0.96054,             0.96177,             0.97003,             0.66076,            0.027024,            0.039688,           0.0028689,           0.0094803,           0.0094803,           0.0094803
                  23,            0.035028,            0.069449,           0.0041381,             0.95538,             0.95028,             0.97036,             0.63069,            0.029784,            0.041298,           0.0027738,           0.0094555,           0.0094555,           0.0094555
                  24,            0.034404,            0.071137,           0.0040831,             0.94736,             0.94235,             0.96578,             0.67267,            0.026894,            0.039711,           0.0025477,           0.0094307,           0.0094307,           0.0094307
                  25,            0.033715,            0.069742,           0.0040851,             0.94776,             0.95089,             0.96712,             0.67709,             0.02854,            0.040863,           0.0030759,            0.009406,            0.009406,            0.009406
                  26,             0.03506,            0.069732,           0.0039466,             0.93653,              0.9533,             0.97004,             0.66482,            0.027622,            0.039841,           0.0028059,           0.0093813,           0.0093813,           0.0093813
                  27,            0.033715,            0.069049,           0.0035919,             0.94113,             0.95319,             0.96321,              0.6861,            0.026488,            0.039944,            0.002846,           0.0093565,           0.0093565,           0.0093565
                  28,            0.034109,            0.069565,           0.0036542,             0.93805,             0.96614,             0.97368,             0.66425,            0.026743,             0.03986,           0.0026703,           0.0093317,           0.0093317,           0.0093317
                  29,            0.033848,            0.069806,           0.0039094,             0.95839,             0.94452,             0.96845,             0.65922,            0.027283,            0.039719,           0.0025578,            0.009307,            0.009307,            0.009307
                  30,            0.033251,            0.068481,           0.0040958,             0.94116,             0.96281,             0.96936,             0.63493,            0.027719,            0.040813,           0.0028416,           0.0092823,           0.0092823,           0.0092823
                  31,            0.033841,            0.068368,           0.0037278,             0.95276,             0.94519,             0.97347,             0.65345,            0.027316,            0.040096,           0.0023656,           0.0092575,           0.0092575,           0.0092575
                  32,            0.032982,            0.068691,            0.003591,              0.9494,             0.94118,             0.95818,             0.65528,             0.02623,            0.040222,           0.0029087,           0.0092327,           0.0092327,           0.0092327
                  33,            0.033066,            0.069744,           0.0035576,             0.94214,             0.94827,             0.96874,             0.65813,            0.027046,            0.040039,           0.0020122,            0.009208,            0.009208,            0.009208
                  34,            0.032769,            0.067036,            0.003608,             0.96083,             0.94945,             0.96756,             0.64188,            0.027844,            0.040363,           0.0024609,           0.0091833,           0.0091833,           0.0091833
                  35,            0.032914,            0.070484,           0.0036901,             0.92298,             0.96423,             0.96734,             0.60909,            0.029268,            0.041542,           0.0024693,           0.0091585,           0.0091585,           0.0091585
                  36,             0.03283,            0.068157,           0.0034061,             0.95264,              0.9487,              0.9639,             0.65276,            0.027342,            0.040611,           0.0022183,           0.0091337,           0.0091337,           0.0091337
                  37,            0.031489,             0.06683,           0.0034804,             0.94916,             0.94278,             0.96355,             0.67405,            0.026907,            0.040607,           0.0022051,            0.009109,            0.009109,            0.009109
                  38,            0.031334,            0.065167,            0.003444,             0.95346,             0.96756,             0.97421,             0.69459,            0.025676,             0.03904,           0.0021154,           0.0090843,           0.0090843,           0.0090843
                  39,            0.031665,            0.067682,            0.003469,             0.94956,             0.95858,             0.97326,             0.65264,            0.026705,            0.039772,           0.0026942,           0.0090595,           0.0090595,           0.0090595
                  40,            0.031511,            0.068612,           0.0032241,             0.95145,             0.95206,             0.97215,             0.63317,            0.028477,            0.040989,           0.0024034,           0.0090347,           0.0090347,           0.0090347
                  41,            0.031681,             0.06703,           0.0030535,             0.95415,             0.94515,             0.96831,             0.66755,            0.025852,            0.039803,           0.0020884,             0.00901,             0.00901,             0.00901
                  42,            0.031182,            0.065883,            0.003489,             0.93051,             0.96643,             0.96594,             0.69087,            0.025344,            0.038532,           0.0027192,           0.0089853,           0.0089853,           0.0089853
                  43,            0.030633,              0.0684,           0.0031261,             0.94215,             0.96466,             0.97521,             0.68363,            0.026465,            0.040791,           0.0019006,           0.0089605,           0.0089605,           0.0089605
                  44,            0.030952,            0.065499,           0.0033866,              0.9361,               0.963,             0.96648,             0.64557,            0.028161,            0.041199,           0.0019917,           0.0089358,           0.0089358,           0.0089358
                  45,            0.031637,            0.067473,           0.0033148,             0.93617,               0.964,             0.96282,              0.6613,            0.026295,            0.039989,           0.0019798,            0.008911,            0.008911,            0.008911
                  46,            0.030385,            0.065394,           0.0030839,             0.92662,                0.96,             0.96404,             0.66963,            0.026418,            0.039886,           0.0023997,           0.0088863,           0.0088863,           0.0088863
                  47,            0.031093,             0.06567,            0.003225,             0.94169,             0.96128,             0.96854,             0.65003,             0.02687,            0.039833,           0.0023619,           0.0088615,           0.0088615,           0.0088615
                  48,            0.030248,            0.067991,           0.0033653,             0.94796,             0.95524,             0.97121,             0.67509,            0.025989,            0.039879,           0.0022955,           0.0088368,           0.0088368,           0.0088368
                  49,            0.031047,            0.066229,            0.002912,             0.94715,             0.96357,             0.96698,              0.6797,            0.026095,            0.039608,           0.0021446,            0.008812,            0.008812,            0.008812
                  50,            0.030352,            0.065649,           0.0033782,             0.94725,             0.95481,             0.96307,             0.64528,            0.026734,            0.039883,           0.0018381,           0.0087872,           0.0087872,           0.0087872
                  51,            0.030466,            0.064732,            0.002813,             0.94113,             0.94681,             0.97181,             0.66836,            0.026308,            0.039215,           0.0025279,           0.0087625,           0.0087625,           0.0087625
                  52,            0.030722,            0.063292,           0.0029043,             0.95065,             0.95707,             0.95969,             0.67305,            0.026101,            0.039665,           0.0017923,           0.0087378,           0.0087378,           0.0087378
                  53,            0.030437,            0.065038,           0.0031507,             0.94865,              0.9587,             0.96218,             0.68042,             0.02523,            0.038887,           0.0018449,            0.008713,            0.008713,            0.008713
                  54,            0.030021,            0.064402,           0.0028487,              0.9512,             0.94923,             0.95814,             0.63503,            0.026909,              0.0396,           0.0027132,           0.0086882,           0.0086882,           0.0086882
                  55,             0.02996,            0.066922,            0.002868,             0.94027,             0.95577,             0.96026,             0.66722,            0.026271,            0.040501,            0.002648,           0.0086635,           0.0086635,           0.0086635
                  56,            0.029664,            0.066398,           0.0030328,             0.94137,             0.96286,             0.96156,             0.69254,            0.025401,            0.038971,           0.0026278,           0.0086388,           0.0086388,           0.0086388
                  57,            0.030466,            0.066016,           0.0030159,             0.94118,             0.96206,              0.9627,             0.64285,             0.02733,            0.040157,           0.0020393,            0.008614,            0.008614,            0.008614
                  58,            0.030535,            0.066517,           0.0031764,             0.94062,              0.9447,             0.95855,             0.65689,            0.026623,            0.039539,           0.0017646,           0.0085893,           0.0085893,           0.0085893
                  59,            0.029877,            0.063738,            0.002906,             0.95183,             0.94598,             0.95784,             0.67311,            0.025398,            0.038441,           0.0020758,           0.0085645,           0.0085645,           0.0085645
                  60,            0.028911,             0.06277,           0.0025921,              0.9446,              0.9452,             0.96879,             0.66193,            0.025821,            0.039425,           0.0021993,           0.0085398,           0.0085398,           0.0085398
                  61,            0.029528,            0.062316,           0.0028954,             0.92991,             0.95641,             0.96688,             0.67825,            0.026785,            0.039917,           0.0028064,            0.008515,            0.008515,            0.008515
                  62,            0.030223,             0.06311,           0.0030697,             0.94896,              0.9459,             0.95991,             0.67173,            0.025657,            0.038845,           0.0028027,           0.0084903,           0.0084903,           0.0084903
                  63,            0.029835,            0.062552,           0.0026049,             0.93471,             0.96682,             0.96665,             0.68211,             0.02547,            0.038361,           0.0026884,           0.0084655,           0.0084655,           0.0084655
                  64,             0.02855,            0.061922,            0.002696,             0.93306,             0.95767,             0.95972,             0.66043,            0.026066,            0.038975,           0.0018456,           0.0084408,           0.0084408,           0.0084408
                  65,            0.029111,            0.064051,           0.0029479,             0.94164,             0.96124,             0.96271,              0.6887,            0.025241,            0.038879,           0.0017774,            0.008416,            0.008416,            0.008416
                  66,            0.029228,            0.062606,           0.0027065,             0.94843,             0.95299,             0.96118,             0.66858,            0.026031,            0.038818,            0.002246,           0.0083913,           0.0083913,           0.0083913
                  67,            0.029484,            0.062203,           0.0030448,             0.93805,             0.96352,             0.96659,             0.67752,            0.025176,            0.037941,           0.0022021,           0.0083665,           0.0083665,           0.0083665
                  68,            0.029137,            0.062452,           0.0026618,             0.95014,             0.95821,             0.96339,             0.67995,            0.025722,              0.0392,           0.0019377,           0.0083418,           0.0083418,           0.0083418
                  69,            0.028416,            0.061891,           0.0026942,             0.94503,             0.95816,             0.96633,             0.65775,            0.026302,            0.038975,           0.0019597,            0.008317,            0.008317,            0.008317
                  70,            0.028839,            0.066074,           0.0028083,             0.95063,             0.96401,             0.96609,              0.6572,            0.026787,            0.040134,           0.0029892,           0.0082922,           0.0082922,           0.0082922
                  71,            0.028607,            0.063247,           0.0028267,             0.95487,             0.95413,             0.95829,             0.63983,            0.027332,            0.040272,           0.0018151,           0.0082675,           0.0082675,           0.0082675
                  72,            0.027899,            0.061493,           0.0028845,             0.94789,             0.95056,             0.95932,             0.66769,            0.026068,             0.03933,           0.0018932,           0.0082428,           0.0082428,           0.0082428
                  73,            0.028551,            0.062867,           0.0024358,             0.93303,             0.96698,             0.96334,             0.67446,            0.026002,            0.039566,           0.0018343,            0.008218,            0.008218,            0.008218
                  74,             0.02917,            0.065013,           0.0026681,             0.94175,             0.96621,             0.96645,             0.67155,            0.025885,            0.039509,           0.0018373,           0.0081932,           0.0081932,           0.0081932
                  75,            0.028113,            0.064735,           0.0029699,             0.93829,             0.95972,             0.96385,             0.67454,            0.025287,            0.038597,           0.0018999,           0.0081685,           0.0081685,           0.0081685
                  76,            0.029163,            0.064082,           0.0027688,             0.94043,             0.95129,             0.96218,             0.68512,            0.025135,             0.03931,           0.0019381,           0.0081437,           0.0081437,           0.0081437
                  77,            0.027944,             0.06382,           0.0027534,             0.95345,             0.95011,             0.96369,             0.69365,            0.024507,            0.038578,           0.0024976,            0.008119,            0.008119,            0.008119
                  78,            0.028646,             0.06081,           0.0023914,             0.95683,             0.95386,              0.9638,             0.68216,            0.025113,            0.038658,            0.002759,           0.0080942,           0.0080942,           0.0080942
                  79,            0.027596,            0.060869,           0.0025252,             0.93894,             0.95232,             0.95655,              0.6862,            0.024543,             0.03849,           0.0022465,           0.0080695,           0.0080695,           0.0080695
                  80,            0.028506,            0.061962,           0.0025487,             0.94651,             0.94303,             0.96243,             0.67474,            0.025105,            0.039001,           0.0022144,           0.0080447,           0.0080447,           0.0080447
                  81,            0.028257,            0.063131,           0.0028982,             0.94112,             0.96095,             0.96364,             0.67254,            0.025916,            0.039364,           0.0023116,             0.00802,             0.00802,             0.00802
                  82,            0.027879,            0.060983,           0.0026962,             0.95381,             0.94262,              0.9662,             0.67455,            0.025715,            0.038998,           0.0019257,           0.0079953,           0.0079953,           0.0079953
                  83,            0.027592,            0.060184,           0.0025487,             0.93367,             0.95382,             0.96267,             0.68102,            0.025295,            0.039474,           0.0018959,           0.0079705,           0.0079705,           0.0079705
                  84,            0.027803,            0.061698,           0.0025396,             0.94273,             0.95164,             0.95604,              0.6505,            0.026246,            0.038971,           0.0023498,           0.0079457,           0.0079457,           0.0079457
                  85,            0.027479,            0.062146,           0.0025816,             0.95314,             0.94402,             0.95829,             0.66224,             0.02528,            0.038712,           0.0023806,            0.007921,            0.007921,            0.007921
                  86,             0.02801,            0.061524,           0.0027188,             0.93187,             0.95612,             0.95805,             0.68235,             0.02508,            0.039536,           0.0019062,           0.0078963,           0.0078963,           0.0078963
                  87,            0.027415,            0.060646,           0.0024737,             0.93798,             0.95097,             0.96063,             0.65665,            0.026111,            0.039768,           0.0017949,           0.0078715,           0.0078715,           0.0078715
                  88,            0.027279,            0.059782,           0.0022445,             0.94226,             0.93962,             0.95677,             0.65937,            0.026106,            0.040005,           0.0017532,           0.0078467,           0.0078467,           0.0078467
                  89,             0.02709,            0.060285,           0.0025681,             0.94748,             0.94199,             0.95227,             0.65515,            0.025407,            0.039249,           0.0026104,            0.007822,            0.007822,            0.007822
                  90,            0.027881,            0.062945,           0.0025089,             0.93777,             0.95601,             0.95782,             0.67991,            0.024888,            0.039024,            0.001846,           0.0077973,           0.0077973,           0.0077973
                  91,            0.027575,            0.059912,           0.0026649,             0.94778,             0.95086,             0.96845,             0.67648,            0.025555,            0.039173,           0.0017413,           0.0077725,           0.0077725,           0.0077725
                  92,            0.027153,            0.060224,           0.0025106,             0.94903,             0.95688,             0.96279,             0.66863,            0.025409,            0.039528,           0.0023502,           0.0077478,           0.0077478,           0.0077478
                  93,            0.027362,              0.0617,           0.0025754,             0.94644,             0.94377,             0.96066,             0.67125,            0.025606,            0.039436,           0.0020349,            0.007723,            0.007723,            0.007723
                  94,            0.026935,            0.059379,           0.0023465,              0.9369,             0.94988,              0.9646,             0.66685,             0.02562,            0.038784,           0.0024848,           0.0076983,           0.0076983,           0.0076983
                  95,            0.027512,              0.0615,           0.0025103,             0.93881,             0.94909,              0.9575,             0.65672,            0.025616,            0.039257,           0.0022692,           0.0076735,           0.0076735,           0.0076735
                  96,            0.027406,            0.061874,           0.0024877,             0.94603,               0.958,             0.96517,             0.68628,            0.025457,            0.039635,           0.0027518,           0.0076488,           0.0076488,           0.0076488
                  97,            0.027469,            0.060533,           0.0025356,              0.9516,             0.95437,             0.96798,              0.6661,            0.025722,            0.039631,            0.002137,            0.007624,            0.007624,            0.007624
                  98,            0.027157,            0.059801,           0.0026183,             0.94523,             0.96222,             0.95866,             0.66244,            0.025504,            0.039814,           0.0021503,           0.0075993,           0.0075993,           0.0075993
                  99,            0.027368,            0.059916,           0.0023691,             0.94165,             0.95241,             0.96243,             0.65968,            0.025884,            0.039333,           0.0022003,           0.0075745,           0.0075745,           0.0075745
                 100,            0.026126,              0.0597,           0.0024704,             0.94846,             0.94753,             0.96978,              0.6918,            0.025281,            0.038727,           0.0029319,           0.0075498,           0.0075498,           0.0075498
                 101,            0.027277,            0.058046,           0.0022951,             0.95291,             0.93973,             0.95816,              0.6695,            0.025551,            0.039074,            0.002604,            0.007525,            0.007525,            0.007525
                 102,            0.026306,            0.056846,           0.0021651,             0.95139,             0.93404,             0.96521,             0.67396,             0.02564,             0.03833,           0.0019829,           0.0075003,           0.0075003,           0.0075003
                 103,            0.026934,            0.059876,           0.0023934,             0.94051,             0.95727,             0.95835,             0.68052,            0.024641,            0.039177,           0.0021044,           0.0074755,           0.0074755,           0.0074755
                 104,            0.026809,            0.059909,           0.0022815,             0.94001,             0.94567,             0.96183,             0.67303,            0.025282,             0.03912,           0.0018848,           0.0074507,           0.0074507,           0.0074507
                 105,            0.026681,            0.060186,           0.0023922,             0.94695,             0.94516,             0.96663,             0.67661,            0.025478,            0.039131,           0.0017161,            0.007426,            0.007426,            0.007426
                 106,            0.026214,            0.059336,           0.0022902,             0.95151,             0.93883,             0.96269,             0.68217,            0.025129,            0.038757,           0.0029448,           0.0074013,           0.0074013,           0.0074013
                 107,            0.026835,            0.060899,           0.0024692,              0.9577,             0.93895,             0.96665,             0.67412,            0.026034,            0.039932,           0.0018897,           0.0073765,           0.0073765,           0.0073765
                 108,            0.026094,            0.059456,           0.0025604,             0.95489,              0.9411,              0.9641,             0.68353,            0.025141,            0.038288,           0.0023951,           0.0073517,           0.0073517,           0.0073517
                 109,            0.026646,             0.05949,           0.0024032,             0.94401,             0.95324,              0.9629,             0.69429,            0.025284,             0.03817,           0.0032486,            0.007327,            0.007327,            0.007327
                 110,            0.026181,            0.060696,           0.0023235,             0.95481,             0.95139,             0.96334,             0.67684,            0.025354,            0.038673,           0.0037502,           0.0073023,           0.0073023,           0.0073023
                 111,            0.026719,            0.056514,           0.0022747,             0.94808,             0.94948,             0.96426,             0.68728,              0.0243,            0.037712,           0.0031151,           0.0072775,           0.0072775,           0.0072775
                 112,            0.026065,             0.05937,           0.0021831,             0.95163,              0.9657,              0.9713,             0.68664,            0.025603,            0.038864,           0.0028305,           0.0072527,           0.0072527,           0.0072527
                 113,            0.026265,            0.057895,           0.0026482,             0.94754,             0.94253,             0.97061,             0.68896,            0.024823,            0.038403,           0.0019596,            0.007228,            0.007228,            0.007228
                 114,            0.026568,            0.060308,           0.0021954,             0.93621,             0.96169,             0.97046,             0.68784,            0.024927,            0.038105,           0.0017072,           0.0072033,           0.0072033,           0.0072033
                 115,            0.027475,            0.061092,           0.0024881,             0.94361,             0.95276,             0.96887,             0.67716,              0.0252,            0.037888,           0.0023443,           0.0071785,           0.0071785,           0.0071785
                 116,            0.026616,            0.059731,           0.0024424,              0.9513,             0.94822,             0.96617,             0.66789,            0.025897,            0.039055,           0.0019913,           0.0071538,           0.0071538,           0.0071538
                 117,            0.025961,            0.060115,           0.0023159,             0.95348,             0.94908,             0.96273,             0.68792,            0.024549,            0.038692,           0.0024056,            0.007129,            0.007129,            0.007129
                 118,            0.026006,            0.057962,           0.0022419,             0.95131,              0.9494,             0.96697,             0.70113,            0.024154,            0.038342,           0.0025049,           0.0071042,           0.0071042,           0.0071042
                 119,            0.025923,            0.059112,           0.0022437,             0.95142,             0.93888,             0.96153,             0.66449,            0.025813,            0.039192,           0.0019584,           0.0070795,           0.0070795,           0.0070795
                 120,            0.026846,            0.060411,           0.0024255,             0.93987,             0.95619,             0.96546,             0.69167,            0.024738,            0.038406,           0.0030265,           0.0070547,           0.0070547,           0.0070547
                 121,            0.025705,            0.059232,           0.0021688,             0.93193,             0.96415,              0.9667,              0.6912,            0.024875,             0.03896,           0.0017521,             0.00703,             0.00703,             0.00703
                 122,             0.02631,            0.060527,            0.002235,             0.94891,             0.94529,             0.96642,             0.68549,            0.024833,            0.038815,           0.0018892,           0.0070053,           0.0070053,           0.0070053
                 123,            0.025829,             0.05726,           0.0020012,             0.94252,             0.94347,             0.95844,             0.67511,            0.025278,            0.038921,           0.0018753,           0.0069805,           0.0069805,           0.0069805
                 124,            0.025304,            0.058826,           0.0022052,              0.9345,             0.94856,             0.96091,             0.69027,            0.024471,            0.038383,           0.0017417,           0.0069558,           0.0069558,           0.0069558
                 125,            0.026203,            0.058548,           0.0022026,             0.93344,             0.94993,             0.95516,             0.67304,             0.02517,            0.039536,           0.0016079,            0.006931,            0.006931,            0.006931
                 126,            0.026012,            0.058891,           0.0021957,             0.95371,             0.95184,             0.96655,             0.69467,            0.024152,            0.038769,           0.0016665,           0.0069063,           0.0069063,           0.0069063
                 127,            0.025656,            0.058512,           0.0020857,             0.93714,             0.95773,             0.96203,             0.66666,            0.025376,            0.039097,           0.0014561,           0.0068815,           0.0068815,           0.0068815
                 128,            0.025658,            0.058514,           0.0024341,             0.94563,             0.94443,             0.96667,             0.69776,            0.024303,            0.037895,           0.0021984,           0.0068568,           0.0068568,           0.0068568
                 129,            0.025643,            0.057357,           0.0023115,             0.95299,             0.95275,             0.96485,             0.70179,            0.024321,            0.037277,           0.0013975,            0.006832,            0.006832,            0.006832
                 130,            0.025577,            0.057879,           0.0021334,             0.94771,             0.95568,             0.97022,              0.6827,            0.025049,            0.037819,            0.001829,           0.0068073,           0.0068073,           0.0068073
                 131,            0.025346,             0.05656,           0.0022693,              0.9529,             0.94493,             0.96481,             0.67975,             0.02532,            0.038795,           0.0014348,           0.0067825,           0.0067825,           0.0067825
                 132,            0.026164,            0.057811,           0.0021694,             0.95118,             0.93562,             0.96514,             0.69867,            0.024175,             0.03854,           0.0021259,           0.0067577,           0.0067577,           0.0067577
                 133,            0.025805,             0.05905,           0.0022713,              0.9429,             0.95812,             0.96508,             0.66865,            0.025702,             0.03915,           0.0015709,            0.006733,            0.006733,            0.006733
                 134,            0.025779,            0.057988,            0.002323,             0.94787,             0.95716,             0.96582,             0.69116,            0.024483,            0.037533,           0.0014685,           0.0067082,           0.0067082,           0.0067082
                 135,            0.024789,            0.056196,           0.0024002,             0.94531,             0.95769,             0.96515,             0.66929,             0.02525,            0.038563,           0.0016588,           0.0066835,           0.0066835,           0.0066835
                 136,            0.025875,            0.057385,           0.0022715,              0.9413,             0.94818,             0.96066,             0.66693,            0.025986,            0.039219,            0.001417,           0.0066587,           0.0066587,           0.0066587
                 137,             0.02503,            0.056901,           0.0021096,             0.93867,             0.95446,             0.95877,             0.69032,            0.024901,            0.038383,           0.0015141,            0.006634,            0.006634,            0.006634
                 138,            0.025549,            0.057962,           0.0021835,             0.94103,             0.93812,             0.95984,             0.69534,             0.02485,            0.038948,           0.0017044,           0.0066092,           0.0066092,           0.0066092
                 139,            0.025067,            0.057171,           0.0024428,             0.95012,             0.96155,              0.9694,             0.69336,            0.024897,            0.038502,            0.001628,           0.0065845,           0.0065845,           0.0065845
                 140,            0.025187,            0.058638,            0.002179,             0.94629,             0.96603,             0.96077,              0.6929,            0.024278,            0.037853,             0.00151,           0.0065598,           0.0065598,           0.0065598
                 141,            0.025316,            0.057104,           0.0019448,             0.94176,             0.95981,             0.96545,             0.69355,            0.024102,             0.03793,           0.0015109,            0.006535,            0.006535,            0.006535
                 142,            0.025155,            0.056772,           0.0021339,             0.94598,             0.95729,             0.96652,              0.6906,            0.024669,            0.038284,           0.0014686,           0.0065102,           0.0065102,           0.0065102
                 143,            0.024994,            0.056105,           0.0019641,             0.94266,             0.96247,             0.96535,             0.68744,             0.02511,            0.038998,           0.0014301,           0.0064855,           0.0064855,           0.0064855
                 144,            0.025458,            0.058382,           0.0023584,             0.94439,             0.97144,             0.96316,             0.69713,            0.024039,            0.037994,           0.0014307,           0.0064608,           0.0064608,           0.0064608
                 145,            0.025124,            0.058929,           0.0023383,             0.94787,             0.94819,             0.96176,             0.69133,            0.024642,            0.039455,           0.0015714,            0.006436,            0.006436,            0.006436
                 146,            0.024372,             0.05478,           0.0021357,              0.9488,             0.94711,             0.96402,             0.68676,            0.024792,            0.038174,            0.001885,           0.0064112,           0.0064112,           0.0064112
                 147,            0.025142,            0.056911,           0.0021917,             0.94565,             0.96342,             0.96544,             0.68089,            0.025189,            0.039085,           0.0017178,           0.0063865,           0.0063865,           0.0063865
                 148,             0.02523,            0.059373,           0.0023251,             0.93978,             0.96162,             0.96415,             0.68273,            0.024878,            0.039349,           0.0015596,           0.0063618,           0.0063618,           0.0063618
                 149,            0.024516,            0.054998,           0.0020981,             0.95649,             0.95807,             0.96406,             0.67071,             0.02482,            0.038887,           0.0014668,            0.006337,            0.006337,            0.006337
                 150,            0.025409,            0.058894,           0.0021319,             0.94214,             0.96219,             0.96483,             0.69461,             0.02433,            0.038853,           0.0014569,           0.0063122,           0.0063122,           0.0063122
                 151,            0.025242,            0.056313,           0.0022454,             0.95307,             0.95908,             0.96856,             0.68974,            0.024926,            0.038361,            0.003049,           0.0062875,           0.0062875,           0.0062875
                 152,            0.025429,            0.057968,           0.0023394,             0.94129,              0.9586,             0.96795,             0.68471,            0.024586,            0.038345,           0.0015403,           0.0062628,           0.0062628,           0.0062628
                 153,            0.024979,            0.055793,           0.0022231,             0.94966,             0.95541,             0.96491,             0.67457,            0.024889,            0.039066,           0.0014468,            0.006238,            0.006238,            0.006238
                 154,            0.024496,            0.056404,           0.0020769,             0.94597,              0.9629,             0.96915,              0.6967,            0.024416,            0.038631,           0.0015965,           0.0062132,           0.0062132,           0.0062132
                 155,            0.024292,            0.055616,           0.0019126,             0.93708,             0.95856,             0.96037,             0.68815,             0.02483,            0.039433,           0.0015329,           0.0061885,           0.0061885,           0.0061885
                 156,            0.025501,            0.057432,           0.0021247,             0.94596,             0.95079,              0.9627,             0.68121,            0.024847,            0.039177,           0.0016036,           0.0061637,           0.0061637,           0.0061637
                 157,             0.02434,            0.054589,            0.002075,             0.95303,             0.95412,             0.96645,             0.68607,            0.024481,            0.038559,           0.0017479,            0.006139,            0.006139,            0.006139
                 158,            0.024961,            0.056852,           0.0019794,              0.9556,              0.9539,             0.96584,             0.68503,            0.024223,              0.0382,           0.0016902,           0.0061142,           0.0061142,           0.0061142
                 159,            0.024333,            0.056443,           0.0021058,             0.95284,             0.95738,             0.96814,              0.6907,            0.024366,            0.038616,           0.0016195,           0.0060895,           0.0060895,           0.0060895
                 160,            0.024865,            0.056877,           0.0020745,              0.9373,             0.95521,             0.95996,             0.68575,            0.024156,            0.038502,           0.0016824,           0.0060647,           0.0060647,           0.0060647
                 161,            0.024734,            0.058225,           0.0020014,             0.93899,             0.96327,              0.9594,             0.67261,            0.024261,            0.038177,           0.0023065,             0.00604,             0.00604,             0.00604
                 162,            0.025119,            0.055811,            0.002236,             0.94029,             0.95705,             0.96367,             0.69661,             0.02434,            0.037788,           0.0016255,           0.0060152,           0.0060152,           0.0060152
                 163,            0.024966,            0.057816,             0.00221,             0.93729,             0.96235,             0.96772,             0.69199,            0.024279,            0.038311,           0.0015224,           0.0059905,           0.0059905,           0.0059905
                 164,            0.024238,            0.056642,           0.0020768,             0.94151,             0.96852,             0.97076,             0.68936,            0.024105,             0.03812,           0.0014035,           0.0059658,           0.0059658,           0.0059658
                 165,             0.02472,            0.057949,           0.0021671,             0.93909,             0.96249,             0.96441,             0.67352,            0.025283,            0.039066,           0.0014184,            0.005941,            0.005941,            0.005941
                 166,            0.024369,            0.056469,           0.0020096,              0.9414,             0.96394,             0.96639,             0.69193,            0.023898,            0.037933,           0.0013978,           0.0059163,           0.0059163,           0.0059163
                 167,            0.024707,            0.055986,           0.0019781,             0.94376,             0.96228,             0.96607,             0.67954,            0.024399,            0.038605,            0.001393,           0.0058915,           0.0058915,           0.0058915
                 168,            0.024094,            0.054611,           0.0019467,              0.9611,             0.94105,             0.96563,             0.67302,            0.024973,            0.038673,           0.0023215,           0.0058668,           0.0058668,           0.0058668
                 169,            0.024728,            0.058847,           0.0020726,             0.94188,             0.95379,             0.96804,             0.68122,            0.024722,            0.038719,           0.0018007,            0.005842,            0.005842,            0.005842
                 170,            0.023847,            0.055117,           0.0019957,             0.95026,             0.96641,             0.97044,             0.68686,            0.024177,            0.038162,           0.0014893,           0.0058173,           0.0058173,           0.0058173
                 171,            0.024421,             0.05697,           0.0017854,             0.94479,             0.94731,             0.96343,             0.67846,            0.024294,              0.0387,           0.0015199,           0.0057925,           0.0057925,           0.0057925
                 172,             0.02425,            0.058003,           0.0019993,             0.94283,              0.9651,             0.96735,             0.68776,            0.024165,            0.037971,           0.0015062,           0.0057678,           0.0057678,           0.0057678
                 173,            0.023783,            0.056559,           0.0018324,             0.94469,             0.95404,              0.9616,             0.68889,            0.023653,            0.038776,           0.0020048,            0.005743,            0.005743,            0.005743
                 174,            0.023836,            0.054743,            0.001743,             0.93993,             0.96192,             0.96286,             0.68372,            0.024475,            0.039715,            0.001821,           0.0057183,           0.0057183,           0.0057183
                 175,            0.023509,            0.053665,           0.0020056,             0.94766,             0.95104,              0.9643,             0.68773,            0.024364,            0.038158,           0.0020992,           0.0056935,           0.0056935,           0.0056935
                 176,            0.024213,            0.055206,           0.0019419,             0.95229,             0.95967,             0.96431,             0.69081,            0.024126,             0.03775,           0.0014662,           0.0056688,           0.0056688,           0.0056688
                 177,            0.024237,            0.057532,           0.0021701,              0.9386,             0.95874,             0.95519,             0.68513,            0.024123,            0.038219,           0.0015592,            0.005644,            0.005644,            0.005644
                 178,            0.024015,            0.055632,           0.0020222,             0.92945,             0.96126,             0.96477,             0.68626,            0.024776,            0.038456,           0.0020961,           0.0056193,           0.0056193,           0.0056193
                 179,            0.024162,            0.055239,           0.0020739,             0.94284,             0.96158,             0.96474,             0.67891,            0.024781,            0.038788,           0.0030556,           0.0055945,           0.0055945,           0.0055945
                 180,            0.024301,             0.05651,           0.0018636,             0.95024,             0.95706,             0.96162,             0.68858,            0.024255,            0.038445,           0.0014993,           0.0055698,           0.0055698,           0.0055698
                 181,            0.024025,            0.054899,           0.0019107,             0.94285,             0.95555,             0.96378,             0.69675,            0.024301,            0.038044,           0.0015652,            0.005545,            0.005545,            0.005545
                 182,            0.023869,            0.054776,           0.0020699,             0.94353,             0.95899,             0.96284,             0.67754,             0.02485,            0.038467,           0.0016109,           0.0055202,           0.0055202,           0.0055202
                 183,            0.023402,            0.054643,            0.001718,             0.93608,             0.95874,             0.96124,             0.68562,            0.024484,            0.038052,           0.0018165,           0.0054955,           0.0054955,           0.0054955
                 184,            0.023899,             0.05561,           0.0021107,             0.94142,             0.95987,              0.9639,             0.69764,            0.024167,            0.038624,           0.0015563,           0.0054707,           0.0054707,           0.0054707
                 185,            0.024405,            0.057259,           0.0018553,             0.94424,             0.96756,             0.96779,             0.67224,            0.024913,            0.038963,           0.0014938,            0.005446,            0.005446,            0.005446
                 186,            0.023584,            0.055407,           0.0018956,              0.9423,             0.96686,              0.9686,             0.68555,            0.024661,             0.03912,           0.0015345,           0.0054212,           0.0054212,           0.0054212
                 187,            0.024027,             0.05571,           0.0019261,             0.95077,             0.96588,             0.96953,             0.68704,            0.024337,            0.038864,           0.0020931,           0.0053965,           0.0053965,           0.0053965
                 188,            0.023432,            0.054112,           0.0020944,             0.94857,             0.95917,             0.96796,             0.68744,            0.024259,            0.039871,           0.0015544,           0.0053717,           0.0053717,           0.0053717
                 189,            0.023488,            0.053002,             0.00197,             0.95098,             0.96678,             0.97196,             0.68723,            0.024201,            0.038906,           0.0014165,            0.005347,            0.005347,            0.005347
                 190,            0.023822,            0.055739,           0.0019113,              0.9492,             0.96581,             0.97288,             0.69691,            0.023996,            0.038582,           0.0015723,           0.0053223,           0.0053223,           0.0053223
                 191,            0.023586,            0.053481,           0.0017706,             0.95073,             0.96142,             0.96621,             0.69327,            0.024309,            0.038013,           0.0014897,           0.0052975,           0.0052975,           0.0052975
                 192,            0.023267,            0.054194,           0.0018079,             0.94805,             0.96222,             0.96291,             0.69651,            0.024062,            0.037716,           0.0015526,           0.0052727,           0.0052727,           0.0052727
                 193,            0.023159,            0.053419,           0.0017962,             0.94083,             0.95985,              0.9658,             0.68251,            0.024666,            0.038986,           0.0017347,            0.005248,            0.005248,            0.005248
                 194,            0.023316,            0.052784,           0.0020107,             0.93664,             0.95352,             0.96542,             0.69511,            0.024681,            0.039726,           0.0023505,           0.0052233,           0.0052233,           0.0052233
                 195,            0.023337,              0.0539,           0.0018238,             0.94681,             0.95566,             0.96959,             0.69218,             0.02458,            0.039112,           0.0014894,           0.0051985,           0.0051985,           0.0051985
                 196,            0.023965,            0.055534,            0.001961,              0.9402,             0.95669,             0.96711,             0.67786,            0.024848,            0.039104,           0.0015203,           0.0051737,           0.0051737,           0.0051737
                 197,            0.023446,            0.053277,           0.0018063,             0.94258,             0.95797,             0.96458,             0.68806,             0.02453,            0.038849,           0.0014586,            0.005149,            0.005149,            0.005149
                 198,            0.023346,            0.057462,           0.0016674,              0.9396,             0.95658,             0.96589,             0.69089,            0.024321,            0.038338,           0.0015478,           0.0051243,           0.0051243,           0.0051243
                 199,            0.023218,             0.05439,           0.0018991,             0.94747,             0.94911,             0.96177,             0.68539,             0.02434,            0.038319,           0.0015121,           0.0050995,           0.0050995,           0.0050995
                 200,            0.023293,            0.056034,           0.0018008,             0.94494,             0.96595,             0.96142,             0.69331,            0.024704,            0.038189,           0.0016016,           0.0050747,           0.0050747,           0.0050747
                 201,            0.022922,            0.054247,           0.0015455,             0.94151,             0.95158,              0.9605,               0.685,            0.024846,            0.038448,           0.0014294,             0.00505,             0.00505,             0.00505
                 202,              0.0238,            0.056376,           0.0018332,             0.94061,              0.9588,             0.96511,              0.6892,            0.024484,            0.038006,           0.0015543,           0.0050253,           0.0050253,           0.0050253
                 203,            0.023253,            0.055761,           0.0017746,             0.93611,             0.95716,             0.96257,             0.68952,            0.024783,            0.038597,           0.0014918,           0.0050005,           0.0050005,           0.0050005
                 204,            0.023036,            0.053736,           0.0017339,             0.94361,             0.95269,             0.96303,             0.68495,            0.024526,            0.038395,           0.0015534,           0.0049758,           0.0049758,           0.0049758
                 205,             0.02326,            0.053824,           0.0019163,              0.9475,              0.9529,             0.96277,             0.69713,            0.024313,            0.038803,           0.0015239,            0.004951,            0.004951,            0.004951
                 206,             0.02347,            0.055639,           0.0018469,             0.94427,             0.94913,             0.96315,             0.68918,            0.025267,            0.039101,           0.0015226,           0.0049263,           0.0049263,           0.0049263
                 207,            0.022441,            0.053843,           0.0017266,             0.94196,             0.95123,             0.96545,             0.69279,            0.024376,            0.038677,           0.0014754,           0.0049015,           0.0049015,           0.0049015
                 208,            0.022688,            0.053844,           0.0016661,             0.93542,             0.96646,             0.96913,             0.69791,            0.024609,            0.038467,           0.0015183,           0.0048768,           0.0048768,           0.0048768
                 209,             0.02343,            0.053585,           0.0019562,             0.93295,             0.96165,             0.97059,             0.69421,            0.024458,            0.038586,           0.0015461,            0.004852,            0.004852,            0.004852
                 210,            0.023233,            0.053666,           0.0018691,             0.94398,             0.94497,             0.96522,             0.69292,            0.024401,            0.038521,           0.0015371,           0.0048272,           0.0048272,           0.0048272
                 211,            0.022563,            0.053874,           0.0017523,             0.94412,             0.95542,             0.96589,             0.68906,            0.024576,            0.038986,           0.0015508,           0.0048025,           0.0048025,           0.0048025
                 212,            0.022688,            0.053189,           0.0015145,             0.94539,             0.95343,             0.96621,             0.68715,            0.024754,            0.039169,           0.0014056,           0.0047778,           0.0047778,           0.0047778
                 213,            0.022823,            0.054319,           0.0016076,             0.93949,             0.95368,             0.96846,             0.69041,            0.024857,            0.039223,           0.0014761,            0.004753,            0.004753,            0.004753
                 214,            0.022621,            0.051781,           0.0017019,             0.93904,             0.95969,             0.97051,             0.69607,            0.024763,            0.039227,           0.0014479,           0.0047283,           0.0047283,           0.0047283
                 215,            0.022835,            0.054593,           0.0017258,              0.9444,             0.95043,             0.96561,             0.68306,            0.025262,            0.039841,           0.0015277,           0.0047035,           0.0047035,           0.0047035
                 216,            0.023267,            0.054458,           0.0016773,             0.94686,             0.95565,              0.9711,             0.69195,            0.024938,            0.039062,           0.0017303,           0.0046788,           0.0046788,           0.0046788
                 217,            0.022405,            0.051945,           0.0018441,             0.94384,             0.95912,             0.96735,             0.69112,            0.025084,            0.039379,            0.002804,            0.004654,            0.004654,            0.004654
                 218,            0.022536,            0.053693,           0.0017444,             0.94629,             0.95302,             0.96509,             0.68947,            0.024588,            0.039146,           0.0016162,           0.0046293,           0.0046293,           0.0046293
                 219,            0.022561,            0.053727,           0.0018314,              0.9459,             0.95344,              0.9669,             0.67613,            0.025223,            0.039753,           0.0013731,           0.0046045,           0.0046045,           0.0046045
                 220,            0.022427,            0.053149,           0.0016289,             0.94072,             0.96494,             0.96561,               0.683,            0.025174,            0.039471,           0.0013427,           0.0045798,           0.0045798,           0.0045798
                 221,            0.022909,            0.052974,           0.0018073,             0.94138,             0.96138,             0.96432,             0.68156,            0.024538,            0.038204,           0.0013871,            0.004555,            0.004555,            0.004555
                 222,             0.02301,            0.053182,           0.0021277,             0.95004,             0.96184,             0.96708,             0.69346,             0.02439,            0.038349,           0.0014338,           0.0045303,           0.0045303,           0.0045303
                 223,            0.022299,            0.052415,           0.0017866,             0.94851,              0.9624,             0.96806,              0.6846,             0.02503,            0.039246,           0.0015011,           0.0045055,           0.0045055,           0.0045055
                 224,            0.022725,              0.0548,           0.0019999,              0.9517,             0.96201,             0.96973,              0.6895,            0.024772,             0.03886,           0.0015596,           0.0044808,           0.0044808,           0.0044808
                 225,            0.022465,            0.050333,           0.0016844,             0.94234,             0.95751,             0.96453,              0.6912,            0.024815,            0.039448,           0.0016833,            0.004456,            0.004456,            0.004456
                 226,            0.022041,             0.05333,           0.0017873,              0.9419,             0.95616,             0.96746,             0.68282,            0.025316,            0.039944,           0.0016052,           0.0044313,           0.0044313,           0.0044313
                 227,            0.022223,            0.053007,           0.0016084,             0.94359,             0.96088,             0.96817,             0.68776,            0.025121,            0.039421,           0.0014771,           0.0044065,           0.0044065,           0.0044065
                 228,            0.022709,            0.053313,           0.0017164,             0.94143,             0.96205,               0.966,             0.67621,            0.025159,            0.039139,           0.0014633,           0.0043818,           0.0043818,           0.0043818
                 229,            0.022606,            0.051874,           0.0018102,             0.93713,             0.96045,             0.96275,             0.68556,             0.02479,             0.03957,           0.0014307,            0.004357,            0.004357,            0.004357
